action	min_reward	mean_reward	max_reward
0	0.0	0.5906838383281651	2.721972422134206
1	0.0	0.4891231691227885	2.9889216151840223
2	0.0	0.20335999911665767	0.990606499179224
