strategy	regret
uniform	162.65217647724165
just-0	0.0
just-1	101.56066920537654
just-2	387.32383921150756
actual	165.45305166447292
